index,Class 1/2/3,Alcohol,Malic acid,Ash,Alcalinity of ash,Magnesium,Total phenols,Flavanoids,Nonflavanoid phenols,Proanthocyanins,Color intensity,Hue,OD280/OD315 of diluted wines,Proline,fixed_acidity,volatile_acidity,citric_acid,residual_sugar,chlorides,free_sulfur_dioxide,total_sulfur_dioxide,density,pH,sulphates
0,1,14.23,1.71,2.43,15.6,127,2.8,3.06,0.28,2.29,5.64,1.04,3.92,1065,7.4,0.7,0.0,1.9,0.076,11.0,34.0,0.9978,3.51,0.56
1,1,13.2,1.78,2.14,11.2,100,2.65,2.76,0.26,1.28,4.38,1.05,3.4,1050,7.8,0.88,0.0,2.6,0.098,25.0,67.0,0.9968,3.2,0.68
2,1,13.16,2.36,2.67,18.6,101,2.8,3.24,0.3,2.81,5.68,1.03,3.17,1185,7.8,0.76,0.04,2.3,0.092,15.0,54.0,0.997,3.26,0.65
3,1,14.37,1.95,2.5,16.8,113,3.85,3.49,0.24,2.18,7.8,0.86,3.45,1480,11.2,0.28,0.56,1.9,0.075,17.0,60.0,0.998,3.16,0.58
4,1,13.24,2.59,2.87,21.0,118,2.8,2.69,0.39,1.82,4.32,1.04,2.93,735,7.4,0.7,0.0,1.9,0.076,11.0,34.0,0.9978,3.51,0.56
5,1,14.2,1.76,2.45,15.2,112,3.27,3.39,0.34,1.97,6.75,1.05,2.85,1450,7.4,0.66,0.0,1.8,0.075,13.0,40.0,0.9978,3.51,0.56
6,1,14.39,1.87,2.45,14.6,96,2.5,2.52,0.3,1.98,5.25,1.02,3.58,1290,7.9,0.6,0.06,1.6,0.069,15.0,59.0,0.9964,3.3,0.46
7,1,14.06,2.15,2.61,17.6,121,2.6,2.51,0.31,1.25,5.05,1.06,3.58,1295,7.3,0.65,0.0,1.2,0.065,15.0,21.0,0.9946,3.39,0.47
8,1,14.83,1.64,2.17,14.0,97,2.8,2.98,0.29,1.98,5.2,1.08,2.85,1045,7.8,0.58,0.02,2.0,0.073,9.0,18.0,0.9968,3.36,0.57
9,1,13.86,1.35,2.27,16.0,98,2.98,3.15,0.22,1.85,7.22,1.01,3.55,1045,7.5,0.5,0.36,6.1,0.071,17.0,102.0,0.9978,3.35,0.8
10,1,14.1,2.16,2.3,18.0,105,2.95,3.32,0.22,2.38,5.75,1.25,3.17,1510,6.7,0.58,0.08,1.8,0.097,15.0,65.0,0.9959,3.28,0.54
11,1,14.12,1.48,2.32,16.8,95,2.2,2.43,0.26,1.57,5.0,1.17,2.82,1280,7.5,0.5,0.36,6.1,0.071,17.0,102.0,0.9978,3.35,0.8
12,1,13.75,1.73,2.41,16.0,89,2.6,2.76,0.29,1.81,5.6,1.15,2.9,1320,5.6,0.615,0.0,1.6,0.089,16.0,59.0,0.9943,3.58,0.52
13,1,14.75,1.73,2.39,11.4,91,3.1,3.69,0.43,2.81,5.4,1.25,2.73,1150,7.8,0.61,0.29,1.6,0.114,9.0,29.0,0.9974,3.26,1.56
14,1,14.38,1.87,2.38,12.0,102,3.3,3.64,0.29,2.96,7.5,1.2,3.0,1547,8.9,0.62,0.18,3.8,0.176,52.0,145.0,0.9986,3.16,0.88
15,1,13.63,1.81,2.7,17.2,112,2.85,2.91,0.3,1.46,7.3,1.28,2.88,1310,8.9,0.62,0.19,3.9,0.17,51.0,148.0,0.9986,3.17,0.93
16,1,14.3,1.92,2.72,20.0,120,2.8,3.14,0.33,1.97,6.2,1.07,2.65,1280,8.5,0.28,0.56,1.8,0.092,35.0,103.0,0.9969,3.3,0.75
17,1,13.83,1.57,2.62,20.0,115,2.95,3.4,0.4,1.72,6.6,1.13,2.57,1130,8.1,0.56,0.28,1.7,0.368,16.0,56.0,0.9968,3.11,1.28
18,1,14.19,1.59,2.48,16.5,108,3.3,3.93,0.32,1.86,8.7,1.23,2.82,1680,7.4,0.59,0.08,4.4,0.086,6.0,29.0,0.9974,3.38,0.5
19,1,13.64,3.1,2.56,15.2,116,2.7,3.03,0.17,1.66,5.1,0.96,3.36,845,7.9,0.32,0.51,1.8,0.341,17.0,56.0,0.9969,3.04,1.08
20,1,14.06,1.63,2.28,16.0,126,3.0,3.17,0.24,2.1,5.65,1.09,3.71,780,8.9,0.22,0.48,1.8,0.077,29.0,60.0,0.9968,3.39,0.53
21,1,12.93,3.8,2.65,18.6,102,2.41,2.41,0.25,1.98,4.5,1.03,3.52,770,7.6,0.39,0.31,2.3,0.082,23.0,71.0,0.9982,3.52,0.65
22,1,13.71,1.86,2.36,16.6,101,2.61,2.88,0.27,1.69,3.8,1.11,4.0,1035,7.9,0.43,0.21,1.6,0.106,10.0,37.0,0.9966,3.17,0.91
23,1,12.85,1.6,2.52,17.8,95,2.48,2.37,0.26,1.46,3.93,1.09,3.63,1015,8.5,0.49,0.11,2.3,0.084,9.0,67.0,0.9968,3.17,0.53
24,1,13.5,1.81,2.61,20.0,96,2.53,2.61,0.28,1.66,3.52,1.12,3.82,845,6.9,0.4,0.14,2.4,0.085,21.0,40.0,0.9968,3.43,0.63
25,1,13.05,2.05,3.22,25.0,124,2.63,2.68,0.47,1.92,3.58,1.13,3.2,830,6.3,0.39,0.16,1.4,0.08,11.0,23.0,0.9955,3.34,0.56
26,1,13.39,1.77,2.62,16.1,93,2.85,2.94,0.34,1.45,4.8,0.92,3.22,1195,7.6,0.41,0.24,1.8,0.08,4.0,11.0,0.9962,3.28,0.59
27,1,13.3,1.72,2.14,17.0,94,2.4,2.19,0.27,1.35,3.95,1.02,2.77,1285,7.9,0.43,0.21,1.6,0.106,10.0,37.0,0.9966,3.17,0.91
28,1,13.87,1.9,2.8,19.4,107,2.95,2.97,0.37,1.76,4.5,1.25,3.4,915,7.1,0.71,0.0,1.9,0.08,14.0,35.0,0.9972,3.47,0.55
29,1,14.02,1.68,2.21,16.0,96,2.65,2.33,0.26,1.98,4.7,1.04,3.59,1035,7.8,0.645,0.0,2.0,0.082,8.0,16.0,0.9964,3.38,0.59
30,1,13.73,1.5,2.7,22.5,101,3.0,3.25,0.29,2.38,5.7,1.19,2.71,1285,6.7,0.675,0.07,2.4,0.089,17.0,82.0,0.9958,3.35,0.54
31,1,13.58,1.66,2.36,19.1,106,2.86,3.19,0.22,1.95,6.9,1.09,2.88,1515,6.9,0.685,0.0,2.5,0.105,22.0,37.0,0.9966,3.46,0.57
32,1,13.68,1.83,2.36,17.2,104,2.42,2.69,0.42,1.97,3.84,1.23,2.87,990,8.3,0.655,0.12,2.3,0.083,15.0,113.0,0.9966,3.17,0.66
33,1,13.76,1.53,2.7,19.5,132,2.95,2.74,0.5,1.35,5.4,1.25,3.0,1235,6.9,0.605,0.12,10.7,0.073,40.0,83.0,0.9993,3.45,0.52
34,1,13.51,1.8,2.65,19.0,110,2.35,2.53,0.29,1.54,4.2,1.1,2.87,1095,5.2,0.32,0.25,1.8,0.103,13.0,50.0,0.9957,3.38,0.55
35,1,13.48,1.81,2.41,20.5,100,2.7,2.98,0.26,1.86,5.1,1.04,3.47,920,7.8,0.645,0.0,5.5,0.086,5.0,18.0,0.9986,3.4,0.55
36,1,13.28,1.64,2.84,15.5,110,2.6,2.68,0.34,1.36,4.6,1.09,2.78,880,7.8,0.6,0.14,2.4,0.086,3.0,15.0,0.9975,3.42,0.6
37,1,13.05,1.65,2.55,18.0,98,2.45,2.43,0.29,1.44,4.25,1.12,2.51,1105,8.1,0.38,0.28,2.1,0.066,13.0,30.0,0.9968,3.23,0.73
38,1,13.07,1.5,2.1,15.5,98,2.4,2.64,0.28,1.37,3.7,1.18,2.69,1020,5.7,1.13,0.09,1.5,0.172,7.0,19.0,0.994,3.5,0.48
39,1,14.22,3.99,2.51,13.2,128,3.0,3.04,0.2,2.08,5.1,0.89,3.53,760,7.3,0.45,0.36,5.9,0.074,12.0,87.0,0.9978,3.33,0.83
40,1,13.56,1.71,2.31,16.2,117,3.15,3.29,0.34,2.34,6.13,0.95,3.38,795,7.3,0.45,0.36,5.9,0.074,12.0,87.0,0.9978,3.33,0.83
41,1,13.41,3.84,2.12,18.8,90,2.45,2.68,0.27,1.48,4.28,0.91,3.0,1035,8.8,0.61,0.3,2.8,0.088,17.0,46.0,0.9976,3.26,0.51
42,1,13.88,1.89,2.59,15.0,101,3.25,3.56,0.17,1.7,5.43,0.88,3.56,1095,7.5,0.49,0.2,2.6,0.332,8.0,14.0,0.9968,3.21,0.9
43,1,13.24,3.98,2.29,17.5,103,2.64,2.63,0.32,1.66,4.36,0.82,3.0,680,8.1,0.66,0.22,2.2,0.069,9.0,23.0,0.9968,3.3,1.2
44,1,13.05,1.77,2.1,17.0,107,3.0,3.0,0.28,2.03,5.04,0.88,3.35,885,6.8,0.67,0.02,1.8,0.05,5.0,11.0,0.9962,3.48,0.52
45,1,14.21,4.04,2.44,18.9,111,2.85,2.65,0.3,1.25,5.24,0.87,3.33,1080,4.6,0.52,0.15,2.1,0.054,8.0,65.0,0.9934,3.9,0.56
46,1,14.38,3.59,2.28,16.0,102,3.25,3.17,0.27,2.19,4.9,1.04,3.44,1065,7.7,0.935,0.43,2.2,0.114,22.0,114.0,0.997,3.25,0.73
47,1,13.9,1.68,2.12,16.0,101,3.1,3.39,0.21,2.14,6.1,0.91,3.33,985,8.7,0.29,0.52,1.6,0.113,12.0,37.0,0.9969,3.25,0.58
48,1,14.1,2.02,2.4,18.8,103,2.75,2.92,0.32,2.38,6.2,1.07,2.75,1060,6.4,0.4,0.23,1.6,0.066,5.0,12.0,0.9958,3.34,0.56
49,1,13.94,1.73,2.27,17.4,108,2.88,3.54,0.32,2.08,8.9,1.12,3.1,1260,5.6,0.31,0.37,1.4,0.074,12.0,96.0,0.9954,3.32,0.58
50,1,13.05,1.73,2.04,12.4,92,2.72,3.27,0.17,2.91,7.2,1.12,2.91,1150,8.8,0.66,0.26,1.7,0.074,4.0,23.0,0.9971,3.15,0.74
51,1,13.83,1.65,2.6,17.2,94,2.45,2.99,0.22,2.29,5.6,1.24,3.37,1265,6.6,0.52,0.04,2.2,0.069,8.0,15.0,0.9956,3.4,0.63
52,1,13.82,1.75,2.42,14.0,111,3.88,3.74,0.32,1.87,7.05,1.01,3.26,1190,6.6,0.5,0.04,2.1,0.068,6.0,14.0,0.9955,3.39,0.64
53,1,13.77,1.9,2.68,17.1,115,3.0,2.79,0.39,1.68,6.3,1.13,2.93,1375,8.6,0.38,0.36,3.0,0.081,30.0,119.0,0.997,3.2,0.56
54,1,13.74,1.67,2.25,16.4,118,2.6,2.9,0.21,1.62,5.85,0.92,3.2,1060,7.6,0.51,0.15,2.8,0.11,33.0,73.0,0.9955,3.17,0.63
55,1,13.56,1.73,2.46,20.5,116,2.96,2.78,0.2,2.45,6.25,0.98,3.03,1120,7.7,0.62,0.04,3.8,0.084,25.0,45.0,0.9978,3.34,0.53
56,1,14.22,1.7,2.3,16.3,118,3.2,3.0,0.26,2.03,6.38,0.94,3.31,970,10.2,0.42,0.57,3.4,0.07,4.0,10.0,0.9971,3.04,0.63
57,1,13.29,1.97,2.68,16.8,102,3.0,3.23,0.31,1.66,6.0,1.07,2.84,1270,7.5,0.63,0.12,5.1,0.111,50.0,110.0,0.9983,3.26,0.77
58,1,13.72,1.43,2.5,16.7,108,3.4,3.67,0.19,2.04,6.8,0.89,2.87,1285,7.8,0.59,0.18,2.3,0.076,17.0,54.0,0.9975,3.43,0.59
59,2,12.37,0.94,1.36,10.6,88,1.98,0.57,0.28,0.42,1.95,1.05,1.82,520,7.3,0.39,0.31,2.4,0.074,9.0,46.0,0.9962,3.41,0.54
60,2,12.33,1.1,2.28,16.0,101,2.05,1.09,0.63,0.41,3.27,1.25,1.67,680,8.8,0.4,0.4,2.2,0.079,19.0,52.0,0.998,3.44,0.64
61,2,12.64,1.36,2.02,16.8,100,2.02,1.41,0.53,0.62,5.75,0.98,1.59,450,7.7,0.69,0.49,1.8,0.115,20.0,112.0,0.9968,3.21,0.71
62,2,13.67,1.25,1.92,18.0,94,2.1,1.79,0.32,0.73,3.8,1.23,2.46,630,7.5,0.52,0.16,1.9,0.085,12.0,35.0,0.9968,3.38,0.62
63,2,12.37,1.13,2.16,19.0,87,3.5,3.1,0.19,1.87,4.45,1.22,2.87,420,7.0,0.735,0.05,2.0,0.081,13.0,54.0,0.9966,3.39,0.57
64,2,12.17,1.45,2.53,19.0,104,1.89,1.75,0.45,1.03,2.95,1.45,2.23,355,7.2,0.725,0.05,4.65,0.086,4.0,11.0,0.9962,3.41,0.39
65,2,12.37,1.21,2.56,18.1,98,2.42,2.65,0.37,2.08,4.6,1.19,2.3,678,7.2,0.725,0.05,4.65,0.086,4.0,11.0,0.9962,3.41,0.39
66,2,13.11,1.01,1.7,15.0,78,2.98,3.18,0.26,2.28,5.3,1.12,3.18,502,7.5,0.52,0.11,1.5,0.079,11.0,39.0,0.9968,3.42,0.58
67,2,12.37,1.17,1.92,19.6,78,2.11,2.0,0.27,1.04,4.68,1.12,3.48,510,6.6,0.705,0.07,1.6,0.076,6.0,15.0,0.9962,3.44,0.58
68,2,13.34,0.94,2.36,17.0,110,2.53,1.3,0.55,0.42,3.17,1.02,1.93,750,9.3,0.32,0.57,2.0,0.074,27.0,65.0,0.9969,3.28,0.79
69,2,12.21,1.19,1.75,16.8,151,1.85,1.28,0.14,2.5,2.85,1.28,3.07,718,8.0,0.705,0.05,1.9,0.074,8.0,19.0,0.9962,3.34,0.95
70,2,12.29,1.61,2.21,20.4,103,1.1,1.02,0.37,1.46,3.05,0.906,1.82,870,7.7,0.63,0.08,1.9,0.076,15.0,27.0,0.9967,3.32,0.54
71,2,13.86,1.51,2.67,25.0,86,2.95,2.86,0.21,1.87,3.38,1.36,3.16,410,7.7,0.67,0.23,2.1,0.088,17.0,96.0,0.9962,3.32,0.48
72,2,13.49,1.66,2.24,24.0,87,1.88,1.84,0.27,1.03,3.74,0.98,2.78,472,7.7,0.69,0.22,1.9,0.084,18.0,94.0,0.9961,3.31,0.48
73,2,12.99,1.67,2.6,30.0,139,3.3,2.89,0.21,1.96,3.35,1.31,3.5,985,8.3,0.675,0.26,2.1,0.084,11.0,43.0,0.9976,3.31,0.53
74,2,11.96,1.09,2.3,21.0,101,3.38,2.14,0.13,1.65,3.21,0.99,3.13,886,9.7,0.32,0.54,2.5,0.094,28.0,83.0,0.9984,3.28,0.82
75,2,11.66,1.88,1.92,16.0,97,1.61,1.57,0.34,1.15,3.8,1.23,2.14,428,8.8,0.41,0.64,2.2,0.093,9.0,42.0,0.9986,3.54,0.66
76,2,13.03,0.9,1.71,16.0,86,1.95,2.03,0.24,1.46,4.6,1.19,2.48,392,8.8,0.41,0.64,2.2,0.093,9.0,42.0,0.9986,3.54,0.66
77,2,11.84,2.89,2.23,18.0,112,1.72,1.32,0.43,0.95,2.65,0.96,2.52,500,6.8,0.785,0.0,2.4,0.104,14.0,30.0,0.9966,3.52,0.55
78,2,12.33,0.99,1.95,14.8,136,1.9,1.85,0.35,2.76,3.4,1.06,2.31,750,6.7,0.75,0.12,2.0,0.086,12.0,80.0,0.9958,3.38,0.52
79,2,12.7,3.87,2.4,23.0,101,2.83,2.55,0.43,1.95,2.57,1.19,3.13,463,8.3,0.625,0.2,1.5,0.08,27.0,119.0,0.9972,3.16,1.12
80,2,12.0,0.92,2.0,19.0,86,2.42,2.26,0.3,1.43,2.5,1.38,3.12,278,6.2,0.45,0.2,1.6,0.069,3.0,15.0,0.9958,3.41,0.56
81,2,12.72,1.81,2.2,18.8,86,2.2,2.53,0.26,1.77,3.9,1.16,3.14,714,7.8,0.43,0.7,1.9,0.464,22.0,67.0,0.9974,3.13,1.28
82,2,12.08,1.13,2.51,24.0,78,2.0,1.58,0.4,1.4,2.2,1.31,2.72,630,7.4,0.5,0.47,2.0,0.086,21.0,73.0,0.997,3.36,0.57
83,2,13.05,3.86,2.32,22.5,85,1.65,1.59,0.61,1.62,4.8,0.84,2.01,515,7.3,0.67,0.26,1.8,0.401,16.0,51.0,0.9969,3.16,1.14
84,2,11.84,0.89,2.58,18.0,94,2.2,2.21,0.22,2.35,3.05,0.79,3.08,520,6.3,0.3,0.48,1.8,0.069,18.0,61.0,0.9959,3.44,0.78
85,2,12.67,0.98,2.24,18.0,99,2.2,1.94,0.3,1.46,2.62,1.23,3.16,450,6.9,0.55,0.15,2.2,0.076,19.0,40.0,0.9961,3.41,0.59
86,2,12.16,1.61,2.31,22.8,90,1.78,1.69,0.43,1.56,2.45,1.33,2.26,495,8.6,0.49,0.28,1.9,0.11,20.0,136.0,0.9972,2.93,1.95
87,2,11.65,1.67,2.62,26.0,88,1.92,1.61,0.4,1.34,2.6,1.36,3.21,562,7.7,0.49,0.26,1.9,0.062,9.0,31.0,0.9966,3.39,0.64
88,2,11.64,2.06,2.46,21.6,84,1.95,1.69,0.48,1.35,2.8,1.0,2.75,680,9.3,0.39,0.44,2.1,0.107,34.0,125.0,0.9978,3.14,1.22
89,2,12.08,1.33,2.3,23.6,70,2.2,1.59,0.42,1.38,1.74,1.07,3.21,625,7.0,0.62,0.08,1.8,0.076,8.0,24.0,0.9978,3.48,0.53
90,2,12.08,1.83,2.32,18.5,81,1.6,1.5,0.52,1.64,2.4,1.08,2.27,480,7.9,0.52,0.26,1.9,0.079,42.0,140.0,0.9964,3.23,0.54
91,2,12.0,1.51,2.42,22.0,86,1.45,1.25,0.5,1.63,3.6,1.05,2.65,450,8.6,0.49,0.28,1.9,0.11,20.0,136.0,0.9972,2.93,1.95
92,2,12.69,1.53,2.26,20.7,80,1.38,1.46,0.58,1.62,3.05,0.96,2.06,495,8.6,0.49,0.29,2.0,0.11,19.0,133.0,0.9972,2.93,1.98
93,2,12.29,2.83,2.22,18.0,88,2.45,2.25,0.25,1.99,2.15,1.15,3.3,290,7.7,0.49,0.26,1.9,0.062,9.0,31.0,0.9966,3.39,0.64
94,2,11.62,1.99,2.28,18.0,98,3.02,2.26,0.17,1.35,3.25,1.16,2.96,345,5.0,1.02,0.04,1.4,0.045,41.0,85.0,0.9938,3.75,0.48
95,2,12.47,1.52,2.2,19.0,162,2.5,2.27,0.32,3.28,2.6,1.16,2.63,937,4.7,0.6,0.17,2.3,0.058,17.0,106.0,0.9932,3.85,0.6
96,2,11.81,2.12,2.74,21.5,134,1.6,0.99,0.14,1.56,2.5,0.95,2.26,625,6.8,0.775,0.0,3.0,0.102,8.0,23.0,0.9965,3.45,0.56
97,2,12.29,1.41,1.98,16.0,85,2.55,2.5,0.29,1.77,2.9,1.23,2.74,428,7.0,0.5,0.25,2.0,0.07,3.0,22.0,0.9963,3.25,0.63
98,2,12.37,1.07,2.1,18.5,88,3.52,3.75,0.24,1.95,4.5,1.04,2.77,660,7.6,0.9,0.06,2.5,0.079,5.0,10.0,0.9967,3.39,0.56
99,2,12.29,3.17,2.21,18.0,88,2.85,2.99,0.45,2.81,2.3,1.42,2.83,406,8.1,0.545,0.18,1.9,0.08,13.0,35.0,0.9972,3.3,0.59
100,2,12.08,2.08,1.7,17.5,97,2.23,2.17,0.26,1.4,3.3,1.27,2.96,710,8.3,0.61,0.3,2.1,0.084,11.0,50.0,0.9972,3.4,0.61
101,2,12.6,1.34,1.9,18.5,88,1.45,1.36,0.29,1.35,2.45,1.04,2.77,562,7.8,0.5,0.3,1.9,0.075,8.0,22.0,0.9959,3.31,0.56
102,2,12.34,2.45,2.46,21.0,98,2.56,2.11,0.34,1.31,2.8,0.8,3.38,438,8.1,0.545,0.18,1.9,0.08,13.0,35.0,0.9972,3.3,0.59
103,2,11.82,1.72,1.88,19.5,86,2.5,1.64,0.37,1.42,2.06,0.94,2.44,415,8.1,0.575,0.22,2.1,0.077,12.0,65.0,0.9967,3.29,0.51
104,2,12.51,1.73,1.98,20.5,85,2.2,1.92,0.32,1.48,2.94,1.04,3.57,672,7.2,0.49,0.24,2.2,0.07,5.0,36.0,0.996,3.33,0.48
105,2,12.42,2.55,2.27,22.0,90,1.68,1.84,0.66,1.42,2.7,0.86,3.3,315,8.1,0.575,0.22,2.1,0.077,12.0,65.0,0.9967,3.29,0.51
106,2,12.25,1.73,2.12,19.0,80,1.65,2.03,0.37,1.63,3.4,1.0,3.17,510,7.8,0.41,0.68,1.7,0.467,18.0,69.0,0.9973,3.08,1.31
107,2,12.72,1.75,2.28,22.5,84,1.38,1.76,0.48,1.63,3.3,0.88,2.42,488,6.2,0.63,0.31,1.7,0.088,15.0,64.0,0.9969,3.46,0.79
108,2,12.22,1.29,1.94,19.0,92,2.36,2.04,0.39,2.08,2.7,0.86,3.02,312,8.0,0.33,0.53,2.5,0.091,18.0,80.0,0.9976,3.37,0.8
109,2,11.61,1.35,2.7,20.0,94,2.74,2.92,0.29,2.49,2.65,0.96,3.26,680,8.1,0.785,0.52,2.0,0.122,37.0,153.0,0.9969,3.21,0.69
110,2,11.46,3.74,1.82,19.5,107,3.18,2.58,0.24,3.58,2.9,0.75,2.81,562,7.8,0.56,0.19,1.8,0.104,12.0,47.0,0.9964,3.19,0.93
111,2,12.52,2.43,2.17,21.0,88,2.55,2.27,0.26,1.22,2.0,0.9,2.78,325,8.4,0.62,0.09,2.2,0.084,11.0,108.0,0.9964,3.15,0.66
112,2,11.76,2.68,2.92,20.0,103,1.75,2.03,0.6,1.05,3.8,1.23,2.5,607,8.4,0.6,0.1,2.2,0.085,14.0,111.0,0.9964,3.15,0.66
113,2,11.41,0.74,2.5,21.0,88,2.48,2.01,0.42,1.44,3.08,1.1,2.31,434,10.1,0.31,0.44,2.3,0.08,22.0,46.0,0.9988,3.32,0.67
114,2,12.08,1.39,2.5,22.5,84,2.56,2.29,0.43,1.04,2.9,0.93,3.19,385,7.8,0.56,0.19,1.8,0.104,12.0,47.0,0.9964,3.19,0.93
115,2,11.03,1.51,2.2,21.5,85,2.46,2.17,0.52,2.01,1.9,1.71,2.87,407,9.4,0.4,0.31,2.2,0.09,13.0,62.0,0.9966,3.07,0.63
116,2,11.82,1.47,1.99,20.8,86,1.98,1.6,0.3,1.53,1.95,0.95,3.33,495,8.3,0.54,0.28,1.9,0.077,11.0,40.0,0.9978,3.39,0.61
117,2,12.42,1.61,2.19,22.5,108,2.0,2.09,0.34,1.61,2.06,1.06,2.96,345,7.8,0.56,0.12,2.0,0.082,7.0,28.0,0.997,3.37,0.5
118,2,12.77,3.43,1.98,16.0,80,1.63,1.25,0.43,0.83,3.4,0.7,2.12,372,8.8,0.55,0.04,2.2,0.119,14.0,56.0,0.9962,3.21,0.6
119,2,12.0,3.43,2.0,19.0,87,2.0,1.64,0.37,1.87,1.28,0.93,3.05,564,7.0,0.69,0.08,1.8,0.097,22.0,89.0,0.9959,3.34,0.54
120,2,11.45,2.4,2.42,20.0,96,2.9,2.79,0.32,1.83,3.25,0.8,3.39,625,7.3,1.07,0.09,1.7,0.178,10.0,89.0,0.9962,3.3,0.57
121,2,11.56,2.05,3.23,28.5,119,3.18,5.08,0.47,1.87,6.0,0.93,3.69,465,8.8,0.55,0.04,2.2,0.119,14.0,56.0,0.9962,3.21,0.6
122,2,12.42,4.43,2.73,26.5,102,2.2,2.13,0.43,1.71,2.08,0.92,3.12,365,7.3,0.695,0.0,2.5,0.075,3.0,13.0,0.998,3.49,0.52
123,2,13.05,5.8,2.13,21.5,86,2.62,2.65,0.3,2.01,2.6,0.73,3.1,380,8.0,0.71,0.0,2.6,0.08,11.0,34.0,0.9976,3.44,0.53
124,2,11.87,4.31,2.39,21.0,82,2.86,3.03,0.21,2.91,2.8,0.75,3.64,380,7.8,0.5,0.17,1.6,0.082,21.0,102.0,0.996,3.39,0.48
125,2,12.07,2.16,2.17,21.0,85,2.6,2.65,0.37,1.35,2.76,0.86,3.28,378,9.0,0.62,0.04,1.9,0.146,27.0,90.0,0.9984,3.16,0.7
126,2,12.43,1.53,2.29,21.5,86,2.74,3.15,0.39,1.77,3.94,0.69,2.84,352,8.2,1.33,0.0,1.7,0.081,3.0,12.0,0.9964,3.53,0.49
127,2,11.79,2.13,2.78,28.5,92,2.13,2.24,0.58,1.76,3.0,0.97,2.44,466,8.1,1.33,0.0,1.8,0.082,3.0,12.0,0.9964,3.54,0.48
128,2,12.37,1.63,2.3,24.5,88,2.22,2.45,0.4,1.9,2.12,0.89,2.78,342,8.0,0.59,0.16,1.8,0.065,3.0,16.0,0.9962,3.42,0.92
129,2,12.04,4.3,2.38,22.0,80,2.1,1.75,0.42,1.35,2.6,0.79,2.57,580,6.1,0.38,0.15,1.8,0.072,6.0,19.0,0.9955,3.42,0.57
130,3,12.86,1.35,2.32,18.0,122,1.51,1.25,0.21,0.94,4.1,0.76,1.29,630,8.0,0.745,0.56,2.0,0.118,30.0,134.0,0.9968,3.24,0.66
131,3,12.88,2.99,2.4,20.0,104,1.3,1.22,0.24,0.83,5.4,0.74,1.42,530,5.6,0.5,0.09,2.3,0.049,17.0,99.0,0.9937,3.63,0.63
132,3,12.81,2.31,2.4,24.0,98,1.15,1.09,0.27,0.83,5.7,0.66,1.36,560,5.6,0.5,0.09,2.3,0.049,17.0,99.0,0.9937,3.63,0.63
133,3,12.7,3.55,2.36,21.5,106,1.7,1.2,0.17,0.84,5.0,0.78,1.29,600,6.6,0.5,0.01,1.5,0.06,17.0,26.0,0.9952,3.4,0.58
134,3,12.51,1.24,2.25,17.5,85,2.0,0.58,0.6,1.25,5.45,0.75,1.51,650,7.9,1.04,0.05,2.2,0.084,13.0,29.0,0.9959,3.22,0.55
135,3,12.6,2.46,2.2,18.5,94,1.62,0.66,0.63,0.94,7.1,0.73,1.58,695,8.4,0.745,0.11,1.9,0.09,16.0,63.0,0.9965,3.19,0.82
136,3,12.25,4.72,2.54,21.0,89,1.38,0.47,0.53,0.8,3.85,0.75,1.27,720,8.3,0.715,0.15,1.8,0.089,10.0,52.0,0.9968,3.23,0.77
137,3,12.53,5.51,2.64,25.0,96,1.79,0.6,0.63,1.1,5.0,0.82,1.69,515,7.2,0.415,0.36,2.0,0.081,13.0,45.0,0.9972,3.48,0.64
138,3,13.49,3.59,2.19,19.5,88,1.62,0.48,0.58,0.88,5.7,0.81,1.82,580,7.8,0.56,0.19,2.1,0.081,15.0,105.0,0.9962,3.33,0.54
139,3,12.84,2.96,2.61,24.0,101,2.32,0.6,0.53,0.81,4.92,0.89,2.15,590,7.8,0.56,0.19,2.0,0.081,17.0,108.0,0.9962,3.32,0.54
140,3,12.93,2.81,2.7,21.0,96,1.54,0.5,0.53,0.75,4.6,0.77,2.31,600,8.4,0.745,0.11,1.9,0.09,16.0,63.0,0.9965,3.19,0.82
141,3,13.36,2.56,2.35,20.0,89,1.4,0.5,0.37,0.64,5.6,0.7,2.47,780,8.3,0.715,0.15,1.8,0.089,10.0,52.0,0.9968,3.23,0.77
142,3,13.52,3.17,2.72,23.5,97,1.55,0.52,0.5,0.55,4.35,0.89,2.06,520,5.2,0.34,0.0,1.8,0.05,27.0,63.0,0.9916,3.68,0.79
143,3,13.62,4.95,2.35,20.0,92,2.0,0.8,0.47,1.02,4.4,0.91,2.05,550,6.3,0.39,0.08,1.7,0.066,3.0,20.0,0.9954,3.34,0.58
144,3,12.25,3.88,2.2,18.5,112,1.38,0.78,0.29,1.14,8.21,0.65,2.0,855,5.2,0.34,0.0,1.8,0.05,27.0,63.0,0.9916,3.68,0.79
145,3,13.16,3.57,2.15,21.0,102,1.5,0.55,0.43,1.3,4.0,0.6,1.68,830,8.1,0.67,0.55,1.8,0.117,32.0,141.0,0.9968,3.17,0.62
146,3,13.88,5.04,2.23,20.0,80,0.98,0.34,0.4,0.68,4.9,0.58,1.33,415,5.8,0.68,0.02,1.8,0.087,21.0,94.0,0.9944,3.54,0.52
147,3,12.87,4.61,2.48,21.5,86,1.7,0.65,0.47,0.86,7.65,0.54,1.86,625,7.6,0.49,0.26,1.6,0.236,10.0,88.0,0.9968,3.11,0.8
148,3,13.32,3.24,2.38,21.5,92,1.93,0.76,0.45,1.25,8.42,0.55,1.62,650,6.9,0.49,0.1,2.3,0.074,12.0,30.0,0.9959,3.42,0.58
149,3,13.08,3.9,2.36,21.5,113,1.41,1.39,0.34,1.14,9.4,0.57,1.33,550,8.2,0.4,0.44,2.8,0.089,11.0,43.0,0.9975,3.53,0.61
150,3,13.5,3.12,2.62,24.0,123,1.4,1.57,0.22,1.25,8.6,0.59,1.3,500,7.3,0.33,0.47,2.1,0.077,5.0,11.0,0.9958,3.33,0.53
151,3,12.79,2.67,2.48,22.0,112,1.48,1.36,0.24,1.26,10.8,0.48,1.47,480,9.2,0.52,1.0,3.4,0.61,32.0,69.0,0.9996,2.74,2.0
152,3,13.11,1.9,2.75,25.5,116,2.2,1.28,0.26,1.56,7.1,0.61,1.33,425,7.5,0.6,0.03,1.8,0.095,25.0,99.0,0.995,3.35,0.54
153,3,13.23,3.3,2.28,18.5,98,1.8,0.83,0.61,1.87,10.52,0.56,1.51,675,7.5,0.6,0.03,1.8,0.095,25.0,99.0,0.995,3.35,0.54
154,3,12.58,1.29,2.1,20.0,103,1.48,0.58,0.53,1.4,7.6,0.58,1.55,640,7.1,0.43,0.42,5.5,0.07,29.0,129.0,0.9973,3.42,0.72
155,3,13.17,5.19,2.32,22.0,93,1.74,0.63,0.61,1.55,7.9,0.6,1.48,725,7.1,0.43,0.42,5.5,0.071,28.0,128.0,0.9973,3.42,0.71
156,3,13.84,4.12,2.38,19.5,89,1.8,0.83,0.48,1.56,9.01,0.57,1.64,480,7.1,0.43,0.42,5.5,0.07,29.0,129.0,0.9973,3.42,0.72
157,3,12.45,3.03,2.64,27.0,97,1.9,0.58,0.63,1.14,7.5,0.67,1.73,880,7.1,0.43,0.42,5.5,0.071,28.0,128.0,0.9973,3.42,0.71
158,3,14.34,1.68,2.7,25.0,98,2.8,1.31,0.53,2.7,13.0,0.57,1.96,660,7.1,0.68,0.0,2.2,0.073,12.0,22.0,0.9969,3.48,0.5
159,3,13.48,1.67,2.64,22.5,89,2.6,1.1,0.52,2.29,11.75,0.57,1.78,620,6.8,0.6,0.18,1.9,0.079,18.0,86.0,0.9968,3.59,0.57
160,3,12.36,3.83,2.38,21.0,88,2.3,0.92,0.5,1.04,7.65,0.56,1.58,520,7.6,0.95,0.03,2.0,0.09,7.0,20.0,0.9959,3.2,0.56
161,3,13.69,3.26,2.54,20.0,107,1.83,0.56,0.5,0.8,5.88,0.96,1.82,680,7.6,0.68,0.02,1.3,0.072,9.0,20.0,0.9965,3.17,1.08
162,3,12.85,3.27,2.58,22.0,106,1.65,0.6,0.6,0.96,5.58,0.87,2.11,570,7.8,0.53,0.04,1.7,0.076,17.0,31.0,0.9964,3.33,0.56
163,3,12.96,3.45,2.35,18.5,106,1.39,0.7,0.4,0.94,5.28,0.68,1.75,675,7.4,0.6,0.26,7.3,0.07,36.0,121.0,0.9982,3.37,0.49
164,3,13.78,2.76,2.3,22.0,90,1.35,0.68,0.41,1.03,9.58,0.7,1.68,615,7.3,0.59,0.26,7.2,0.07,35.0,121.0,0.9981,3.37,0.49
165,3,13.73,4.36,2.26,22.5,88,1.28,0.47,0.52,1.15,6.62,0.78,1.75,520,7.8,0.63,0.48,1.7,0.1,14.0,96.0,0.9961,3.19,0.62
166,3,13.45,3.7,2.6,23.0,111,1.7,0.92,0.43,1.46,10.68,0.85,1.56,695,6.8,0.64,0.1,2.1,0.085,18.0,101.0,0.9956,3.34,0.52
167,3,12.82,3.37,2.3,19.5,88,1.48,0.66,0.4,0.97,10.26,0.72,1.75,685,7.3,0.55,0.03,1.6,0.072,17.0,42.0,0.9956,3.37,0.48
168,3,13.58,2.58,2.69,24.5,105,1.55,0.84,0.39,1.54,8.66,0.74,1.8,750,6.8,0.63,0.07,2.1,0.089,11.0,44.0,0.9953,3.47,0.55
169,3,13.4,4.6,2.86,25.0,112,1.98,0.96,0.27,1.11,8.5,0.67,1.92,630,7.5,0.705,0.24,1.8,0.36,15.0,63.0,0.9964,3.0,1.59
170,3,12.2,3.03,2.32,19.0,96,1.25,0.49,0.4,0.73,5.5,0.66,1.83,510,7.9,0.885,0.03,1.8,0.058,4.0,8.0,0.9972,3.36,0.33
171,3,12.77,2.39,2.28,19.5,86,1.39,0.51,0.48,0.64,9.899999,0.57,1.63,470,8.0,0.42,0.17,2.0,0.073,6.0,18.0,0.9972,3.29,0.61
172,3,14.16,2.51,2.48,20.0,91,1.68,0.7,0.44,1.24,9.7,0.62,1.71,660,8.0,0.42,0.17,2.0,0.073,6.0,18.0,0.9972,3.29,0.61
173,3,13.71,5.65,2.45,20.5,95,1.68,0.61,0.52,1.06,7.7,0.64,1.74,740,7.4,0.62,0.05,1.9,0.068,24.0,42.0,0.9961,3.42,0.57
174,3,13.4,3.91,2.48,23.0,102,1.8,0.75,0.43,1.41,7.3,0.7,1.56,750,7.3,0.38,0.21,2.0,0.08,7.0,35.0,0.9961,3.33,0.47
